page,track_index,chunk_index,chunk_count,next_page,bytes,events,flags
0,0,0,2,1,14334,1459,14
1,0,1,2,0,14054,1545,30
2,1,0,2,3,14322,1420,14
3,1,1,2,2,6905,661,30
4,2,0,1,,10572,971,7
5,3,0,2,6,14333,1582,14
6,3,1,2,5,7051,762,30
7,4,0,4,8,14329,1460,14
8,4,1,4,9,14331,1431,14
9,4,2,4,10,14336,1446,14
10,4,3,4,,5744,550,6
11,5,0,1,,2177,217,6
12,6,0,1,,3632,448,7
13,7,0,1,,12265,1316,6
14,8,0,2,15,14336,1713,14
15,8,1,2,14,4039,457,30
16,9,0,1,,1418,189,6
17,10,0,3,18,14330,1466,14
18,10,1,3,19,14331,1530,14
19,10,2,3,17,8807,977,30
20,11,0,2,21,14332,1865,14
21,11,1,2,20,4237,477,30
22,12,0,3,23,14325,1262,14
23,12,1,3,24,14332,1738,14
24,12,2,3,,1453,155,6
25,13,0,1,,1485,146,6
26,14,0,2,27,14332,1487,14
27,14,1,2,26,6691,693,30
28,15,0,2,29,14329,1682,14
29,15,1,2,28,353,19,30
30,16,0,3,31,14336,1587,14
31,16,1,3,32,14329,1464,14
32,16,2,3,,5937,620,6
33,17,0,1,,476,46,6
34,18,0,1,,10704,1126,6
